gdp_per_capita,life_expectancy,social_support,score
1.39651,0.94143,1.6526307481474298,7.587
1.30232,0.94784,1.62828608371123,7.561
1.32548,0.87464,1.6204688447260325,7.527
1.459,0.88521,1.6503758771199395,7.522
1.32629,0.90563,1.6072986598298258,7.427
1.29025,0.88911,1.596977537281109,7.406
1.32944,0.89284,1.598456083329656,7.378
1.33171,0.91087,1.6053140758322415,7.364
1.25018,0.90837,1.573997661737799,7.286
1.33358,0.93156,1.5956946972663146,7.284
1.22857,0.91387,1.5475126913382022,7.278
0.95578,0.86027,1.5048556522584535,7.226
1.33723,0.89042,1.5771501031465116,7.2
1.02054,0.81444,1.4902320214228528,7.187
1.39451,0.86179,1.563518216036954,7.119
0.98124,0.69702,1.432381973824953,6.983
1.56391,0.91894,1.5814353928205012,6.946
1.33596,0.89533,1.535817948832156,6.94
1.30782,0.89667,1.5281739480018048,6.937
1.42727,0.80925,1.5404373939338825,6.901
1.26637,0.90943,1.513447383470059,6.867
1.36011,0.76276,1.5148530037784096,6.853
1.04424,0.72052,1.420012462102553,6.81
1.52186,1.02525,1.563645654449898,6.798
1.06353,0.79661,1.4454271648849115,6.786
1.32792,0.89186,1.5113817777428658,6.75
1.10715,0.85857,1.4320555259390388,6.67
1.69042,0.79733,1.5473753027639563,6.611
1.27778,0.94579,1.473585048161295,6.575
1.05351,0.78723,1.4002099376999002,6.574
1.17898,0.84483,1.4218275080046603,6.505
1.06166,0.8116,1.408633137460737,6.485
0.91861,0.69077,1.3578880909951754,6.477
0.9669,0.7385,1.373464724066162,6.455
1.39541,0.72025,1.4184110001530774,6.411
1.23011,0.95562,1.4210443557805164,6.329
1.2074,0.88721,1.42025170650376,6.302
1.29098,0.8753,1.4126195359141702,6.298
1.55422,0.72492,1.4613560971906998,6.295
0.99534,0.6082,1.340954518123901,6.269
1.21183,0.61483,1.3611554571829874,6.168
0.76454,0.67737,1.2616718566448908,6.13
0.74553,0.64425,1.2734538731035214,6.123
0.63244,0.59772,1.2334507463086184,6.003
1.16891,0.78902,1.3233147437780814,5.995
1.27074,0.99111,1.3898304512916035,5.987
1.24461,0.96538,1.364386107031053,5.984
0.86402,0.79075,1.2858973470127102,5.975
1.32376,0.74716,1.362960791023571,5.96
1.25114,0.95446,1.3549004147815704,5.948
0.68133,0.5392,1.2164721637681448,5.89
0.59448,0.61826,1.1847478342395048,5.889
0.75985,0.66098,1.245059366987921,5.878
1.12254,0.64368,1.306571375269181,5.855
1.18498,0.87337,1.3598362942131998,5.848
1.14723,0.73128,1.2885974227225867,5.833
0.59325,0.74314,1.2237277664944766,5.828
0.90019,0.73017,1.26581640705941,5.824
1.03192,0.73608,1.287376776685888,5.813
1.12555,0.77903,1.325395948741106,5.791
1.12486,0.72394,1.3155626079878522,5.77
1.08254,0.78805,1.2855468262011338,5.759
1.13145,0.7038,1.302016227141111,5.754
1.13764,0.66926,1.287515654972064,5.716
0.81038,0.68741,1.243515942191377,5.709
1.20806,0.92356,1.3481975611615191,5.695
1.20813,0.92356,1.3395602732457494,5.689
0.93929,0.61766,1.2197600489983251,5.605
0.80148,0.63132,1.1898500041176536,5.589
0.95847,0.53886,1.2267174176727125,5.548
1.00761,0.7095,1.2564080390583352,5.477
1.38604,1.01328,1.374102391088852,5.474
1.15174,0.77361,1.2742988559323465,5.429
0.82827,0.63793,1.192634559274698,5.399
0.63216,0.74676,1.1784822744287715,5.36
1.06098,0.73172,1.2136187581483824,5.332
0.47428,0.65088,1.1072500143726784,5.286
0.65435,0.16007,1.0640818837272927,5.268
0.77042,0.57407,1.1613857133317609,5.253
1.02389,0.64045,1.1943380652048263,5.212
0.59543,0.51466,1.0666668080236783,5.194
0.90198,0.69639,1.1824462313990942,5.192
0.97438,0.72521,1.175112460077459,5.192
0.89012,0.81658,1.2021424901669786,5.14
0.47038,0.29924,1.0497394366860808,5.129
1.04345,0.7689,1.20694064159618,5.124
0.92053,0.74836,1.1657850540471224,5.123
1.15991,0.87519,1.2609251340263816,5.102
1.11312,0.72437,1.2086478970108985,5.098
0.70532,0.58114,1.1455977968582824,5.073
0.18847,0.43873,1.009272349127855,5.057
0.73479,0.60954,1.123835305236571,5.013
0.91851,0.73545,1.1670636375174273,5.007
0.08308,0.09131,0.9177280716720648,4.971
0.87867,0.81325,1.1667931468428383,4.959
0.83223,0.79081,1.1253527985868974,4.949
0.37545,0.07612,0.9601228053704968,4.898
0.89537,0.66825,1.166210661487799,4.885
0.59066,0.54909,1.094581118339072,4.876
0.82819,0.60268,1.1305390915043223,4.874
0.71206,0.07566,1.0240843370003387,4.867
1.15406,0.88213,1.190150764479157,4.857
1.02564,0.83947,1.1875793882015002,4.839
1.12094,0.75905,1.1872446721265586,4.8
0.59532,0.6951,1.08722911909387,4.788
0.39047,0.57379,1.0413779316402776,4.786
0.88113,0.73793,1.1260093891897396,4.739
0.59867,0.66015,1.0571417009477972,4.715
0.39753,0.60164,1.0270306376692442,4.694
1.0088,0.69805,1.144368158255783,4.686
0.79907,0.6739,1.0966507224765822,4.681
0.98549,0.60237,1.095595543259885,4.677
0.92049,0.27688,1.0718118814089868,4.642
0.54558,0.40132,1.027412691161011,4.633
0.271,0.33475,0.9453489644203752,4.61
0.0712,0.34201,0.9056097663813394,4.571
0.64499,0.51529,1.051022474427299,4.565
0.52107,0.36878,0.9737347918503164,4.55
0.26673,0.38847,0.9396363653262272,4.518
0.0,0.09806,0.8497282303225193,4.517
0.35997,0.56874,0.9997214560828612,4.514
0.19073,0.44055,0.9576048457346492,4.512
0.33024,0.0,0.92321834848306,4.507
0.45407,0.35874,0.964321062929228,4.436
0.36471,0.41435,0.973324457928454,4.419
0.44025,0.36291,0.9772929765847675,4.369
0.76821,0.7299,1.0576033888768055,4.35
0.99355,0.04776,1.0406833453565942,4.332
0.27108,0.48246,0.9523016144488472,4.307
0.7419,0.72926,1.0708249129585143,4.297
0.01604,0.22562,0.8691679102176371,4.292
0.83524,0.70806,1.0989927304377596,4.271
0.4225,0.23402,0.950441095719038,4.252
1.01216,0.76649,1.108075187546983,4.218
0.8818,0.61712,1.0457188066609802,4.194
0.54649,0.40064,0.9527011302324118,4.077
0.75778,0.16683,0.9269237373629298,4.033
0.26074,0.20583,0.8638464716628864,3.995
0.67866,0.31051,0.9608360444722588,3.989
0.23906,0.36315,0.8590969957052998,3.956
0.21102,0.33861,0.8728864161339529,3.931
0.36498,0.4354,0.9017211392388108,3.904
1.06024,0.43372,1.0285255262329986,3.896
0.0694,0.29707,0.8314723785859832,3.845
0.46038,0.61114,0.9652165262028882,3.819
0.2852,0.38215,0.858658925475347,3.781
0.20824,0.46721,0.822695047851653,3.681
0.0785,0.06699,0.7788723400435282,3.678
0.34193,0.1501,0.8114814590175088,3.667
0.17417,0.24009,0.8071423473418522,3.656
0.46534,0.15185,0.8625039060228314,3.655
0.25812,0.27125,0.8195652871041585,3.587
0.31982,0.30335,0.8171746959971808,3.575
0.22208,0.42864,0.8358132580248057,3.465
0.28665,0.3191,0.7992241443465562,3.34
0.6632,0.72193,0.8256247078491163,3.006
0.0153,0.22396,0.6140327146265326,2.905
0.20868,0.28443,0.6753721986461433,2.839
1.44178,0.79504,1.6203417567885008,7.526
1.52733,0.86303,1.6449087922859429,7.509
1.42666,0.86733,1.6244618012782892,7.501
1.57744,0.79579,1.6481250226768926,7.498
1.40598,0.81091,1.6002029547940606,7.413
1.44015,0.8276,1.6093006538323766,7.404
1.46468,0.81231,1.598810774000044,7.339
1.36066,0.83096,1.5856437658854392,7.334
1.44443,0.8512,1.6005790377232536,7.313
1.45181,0.83121,1.5984229152400051,7.291
1.33766,0.84917,1.5520480251358737,7.267
1.45038,0.80565,1.5609352381670851,7.119
1.50796,0.779,1.5603467642271092,7.104
1.06879,0.76146,1.4809173891533596,7.087
1.35943,0.77758,1.5215319010260029,7.039
1.44787,0.81487,1.543868163235907,6.994
1.08754,0.61415,1.4277564057300296,6.952
1.42539,0.81959,1.5289760382343018,6.929
1.48341,0.81455,1.5398613149355438,6.907
1.69752,0.84542,1.5805250039907408,6.871
1.11508,0.71143,1.4166952790724814,6.778
1.64555,0.94719,1.5556486052240677,6.739
1.40283,0.80991,1.4916930987060726,6.725
1.2167,0.81883,1.441820427772087,6.705
1.18306,0.70835,1.4341106346729215,6.701
1.15137,0.69711,1.4111762833910395,6.65
1.30915,0.76376,1.4405207191946137,6.596
1.57352,0.72993,1.5001182580740329,6.573
1.18157,0.72183,1.4189092238671248,6.545
1.30782,0.80315,1.445280982781085,6.488
1.03032,0.59659,1.3539725483641922,6.481
1.39488,0.83795,1.458782396308653,6.478
1.0893,0.64915,1.3798417118235669,6.474
1.48953,0.59267,1.418926056458052,6.379
1.39729,0.79565,1.4223494500603528,6.379
1.82427,0.71723,1.522956024808628,6.375
1.34253,0.87896,1.4307849294063322,6.361
1.05266,0.61804,1.3230625199165231,6.355
0.83454,0.54039,1.2997767292388949,6.324
1.09686,0.50933,1.338780250652961,6.269
1.61714,0.63569,1.440499398356063,6.239
1.44024,0.65696,1.4121646852519485,6.218
1.32572,0.52608,1.366294061440128,6.168
1.13367,0.61904,1.2959806756067715,6.084
1.27973,0.70367,1.3396522575223506,6.078
0.8737,0.596,1.2634219866659802,6.068
1.25142,0.62366,1.3305629476363612,6.005
0.69384,0.65213,1.236084285271746,5.992
0.73591,0.50163,1.2407122708829654,5.987
1.35495,0.85102,1.3581504721258433,5.977
0.97306,0.68613,1.2890236315435963,5.976
0.87616,0.45569,1.249986229209502,5.956
1.38007,0.91491,1.3972137385115455,5.921
1.22943,0.57386,1.317494169046999,5.919
0.69177,0.52309,1.189016744377915,5.897
1.23228,0.58991,1.3029390937344132,5.856
1.24585,0.69058,1.330661230153319,5.835
1.35948,0.88645,1.356128787577513,5.835
0.79422,0.4697,1.2228432798712356,5.822
1.2692,0.64674,1.3011901850529348,5.813
1.13062,0.63104,1.2837568278101403,5.802
1.31141,0.84142,1.3582210022376178,5.771
1.29947,0.79151,1.3611713047044378,5.768
0.99602,0.62994,1.2614564948811604,5.743
1.08017,0.44006,1.2374279840595497,5.658
1.14372,0.66189,1.2887540587127864,5.648
1.06688,0.52304,1.244959638064845,5.615
1.21788,0.63952,1.2663266096326375,5.56
1.31857,0.8488,1.3142192600430658,5.546
0.89373,0.58295,1.2168429259684004,5.538
1.1697,0.67602,1.271015780368436,5.528
1.27964,0.68098,1.2976136917030114,5.517
0.89333,0.59469,1.215433610262662,5.51
1.18649,0.70524,1.2615762258900964,5.488
1.5107,0.95277,1.37922534837498,5.458
0.0,0.11466,0.9881174305918992,5.44
0.90145,0.54,1.163401545170309,5.401
1.16492,0.64718,1.2378749366887778,5.389
0.95104,0.49374,1.1811804046361438,5.314
0.99673,0.60712,1.201123066162142,5.303
1.12373,0.54504,1.2156970550099806,5.291
0.81217,0.47036,1.1677383000193489,5.279
1.0278,0.73561,1.2273497259870565,5.245
0.8527,0.49759,1.1569396607055968,5.196
0.56044,0.55449,1.102144097446572,5.185
1.03437,0.6458,1.1774270464560763,5.177
0.93383,0.70766,1.1587784623412725,5.163
1.07838,0.63533,1.1842565600748929,5.161
1.02787,0.57669,1.2088452801681586,5.155
0.84058,0.59471,1.1470497239172197,5.151
1.24142,0.67608,1.2282293750278015,5.145
0.68816,0.40306,1.0801575498068337,5.132
1.12268,0.76171,1.224824538648464,5.129
1.27607,0.79363,1.2795033141444945,5.123
1.0193,0.64738,1.1935816547712177,5.121
0.74037,0.66157,1.1642091297419794,5.061
0.25558,0.33108,1.010206848678716,5.057
0.97724,0.59577,1.1649034996000274,5.045
1.24886,0.80029,1.223610676319617,5.033
0.48835,0.53119,1.0796334193138528,4.996
0.98853,0.55469,1.1542490030214698,4.907
0.68042,0.38291,1.0866078084985482,4.876
0.75216,0.05108,1.0304602110873888,4.875
0.69429,0.58383,1.090437407057918,4.871
1.11758,0.64232,1.1646703985248554,4.813
0.61202,0.23573,1.0349992073630994,4.795
0.44626,0.50073,1.0340179264567178,4.793
0.67024,0.56844,1.0584835330378703,4.754
0.9553,0.73007,1.1327380262128943,4.655
0.54177,0.52989,1.035695651080038,4.643
0.36485,0.0,0.9214240906655512,4.635
1.07474,0.51076,1.1083661920246888,4.575
0.93287,0.34745,1.0876566909740388,4.574
0.52497,0.12698,0.9641823247592052,4.513
0.29283,0.34578,0.9434066646684194,4.508
1.02416,0.18611,1.0599167345004668,4.459
0.97318,0.62007,1.110810818685622,4.415
0.74036,0.45091,1.031917700268864,4.404
0.34112,0.3988,0.9518176612293096,4.395
0.95395,0.52116,1.053562393051939,4.362
0.86086,0.64083,1.0479184878236254,4.36
0.52267,0.30147,0.9688913846958692,4.356
0.87287,0.58628,1.038289843450998,4.324
0.63107,0.29681,0.977532751412219,4.276
0.05661,0.188,0.8265771023842523,4.272
0.83792,0.64035,1.0522623194295084,4.252
0.77109,0.28212,0.9965343848486968,4.236
0.44314,0.40457,0.9414188798223444,4.219
1.11306,0.67806,1.095772955177227,4.217
0.61391,0.28639,0.9377845756732396,4.201
0.35041,0.1595,0.8852099209420121,4.193
0.08709,0.29364,0.865574873645887,4.156
0.63069,0.29759,0.9218392418609492,4.139
1.15851,0.3494,1.058733967602129,4.121
0.31292,0.16347,0.8650999412557248,4.073
0.34097,0.27494,0.861236401712467,4.028
1.09426,0.34752,1.0412004513425552,3.974
0.27509,0.29981,0.8455092286599684,3.956
0.55507,0.04476,0.8868930900353265,3.916
0.55604,0.42494,0.9581932990391048,3.907
0.84731,0.04991,0.892499088299419,3.866
0.1327,0.26162,0.8265222744089105,3.856
0.39394,0.15781,0.8390381376386327,3.832
0.42214,0.03824,0.8093166247977457,3.763
0.31995,0.21297,0.8333181171416033,3.739
0.34719,0.19625,0.8477147149687565,3.739
0.57939,0.31048,0.8847001192005324,3.724
0.27954,0.37109,0.8217896535525884,3.695
0.47155,0.357,0.8727646244358755,3.666
0.10706,0.23165,0.7733724946371869,3.622
0.22415,0.18829,0.7945571374892275,3.607
0.32846,0.31865,0.8419173016971626,3.515
0.39499,0.21028,0.8197000826695826,3.484
0.38227,0.17344,0.7643275246668835,3.36
0.28123,0.24811,0.7662497702378133,3.303
0.74719,0.62994,0.8316650892207715,3.069
0.06831,0.15747,0.606842686421107,2.905
1.61646318435669,0.796666502952576,1.6621224538805812,7.53700017929077
1.48238301277161,0.792565524578094,1.6339581494816713,7.52199983596802
1.480633020401,0.833552122116089,1.6375725174763431,7.50400018692017
1.56497955322266,0.858131289482117,1.655984043550009,7.49399995803833
1.44357192516327,0.80915766954422,1.623121964907417,7.4689998626709
1.50394463539124,0.810696125030518,1.6152726024551072,7.3769998550415
1.47920441627502,0.83455765247345,1.60668460539555,7.31599998474121
1.40570604801178,0.816759705543518,1.5920889676272374,7.31400012969971
1.49438726902008,0.830875158309937,1.6067389537176195,7.28399991989136
1.484414935112,0.84388679265976,1.6071301820514057,7.28399991989136
1.37538242340088,0.83840399980545,1.5520238959070247,7.21299982070923
1.10970628261566,0.759509265422821,1.4863813058795403,7.0789999961853
1.48709726333618,0.815328419208527,1.5519563600968664,7.00600004196167
1.54625928401947,0.77428662776947,1.5501195390467224,6.99300003051758
1.53570663928986,0.80978262424469,1.559086051459067,6.97700023651123
1.48792338371277,0.798950731754303,1.5441781299619106,6.95100021362305
1.46378076076508,0.818091869354248,1.5298692285553828,6.89099979400635
1.74194359779358,0.845089495182037,1.589104522565664,6.86299991607666
1.44163393974304,0.805335938930511,1.489975977444118,6.71400022506714
1.25278460979462,0.819479703903198,1.4312143598917022,6.65199995040894
1.62634336948395,0.726798236370087,1.5166627243081685,6.64799976348877
1.10735321044922,0.616552352905273,1.383550413429209,6.63500022888184
1.35268235206604,0.754444003105164,1.4513672326222309,6.60900020599365
1.18529546260834,0.695137083530426,1.4119062721253055,6.59899997711182
1.15318381786346,0.709978997707367,1.396441653970306,6.57800006866455
1.69227766990662,0.949492394924164,1.5468410125965557,6.57200002670288
1.34327983856201,0.821944236755371,1.460938073835323,6.52699995040894
1.21755969524384,0.719216823577881,1.4100257326657717,6.4539999961853
0.872001945972443,0.540239989757538,1.3168820286478016,6.4539999961853
1.23374843597412,0.706156134605408,1.4113217123458468,6.4520001411438
1.43092346191406,0.844465851783752,1.4582762973706076,6.44199991226196
1.12786877155304,0.647239029407501,1.3849111953856064,6.42399978637695
1.43362653255463,0.793984234333038,1.439702923242868,6.42199993133545
1.38439786434174,0.888960599899292,1.4464511519087568,6.40299987792969
1.87076568603516,0.710098087787628,1.5331915286898747,6.375
1.07062232494354,0.595027923583984,1.3499519395842026,6.35699987411499
1.53062355518341,0.590148329734802,1.432964317334552,6.3439998626709
1.36135590076447,0.519983291625977,1.3670057309468224,6.16800022125244
1.63295245170593,0.632105708122253,1.4208097460378486,6.10500001907349
1.32539355754852,0.712732911109924,1.3512427669127476,6.09800004959106
1.48841226100922,0.653133034706116,1.400793928493245,6.08699989318848
1.29121541976929,0.618784427642822,1.3449733597024949,6.08400011062622
0.737299203872681,0.653095960617065,1.2486056892121615,6.07100009918213
1.00082039833069,0.685636222362518,1.293578410897949,6.00799989700317
0.909784495830536,0.596018552780151,1.2626148508911783,6.00299978256226
1.29178786277771,0.699475347995758,1.3548744529080496,5.97300004959106
0.786441087722778,0.498272627592087,1.2487131914467708,5.97100019454956
1.39506661891937,0.853144347667694,1.3675319172478098,5.96400022506714
1.28177809715271,0.547349333763123,1.3198316278871176,5.96299982070923
0.907975316047668,0.450191766023636,1.2556014530367976,5.95599985122681
1.41691517829895,0.913475871086121,1.404449138492586,5.92000007629395
1.31458234786987,0.62894994020462,1.315108968625792,5.90199995040894
1.09186446666718,0.617584645748138,1.2671848795840668,5.87200021743774
1.26074862480164,0.638566970825195,1.3099529200313913,5.84999990463257
1.40167844295502,0.900214076042175,1.3636436311986826,5.83799982070923
0.728870630264282,0.589465200901031,1.1941273661750773,5.83799982070923
1.21768391132355,0.685158312320709,1.32322547230338,5.82499980926514
0.833756566047668,0.473630249500275,1.2347381274689575,5.82299995422363
1.13077676296234,0.437726080417633,1.2723804432855732,5.82200002670288
1.28455626964569,0.606041550636292,1.3274650468758935,5.81899976730347
1.3469113111496,0.834647238254547,1.3736901629176244,5.80999994277954
1.3412059545517,0.790828227996826,1.3698384193855624,5.75799989700317
1.03522527217865,0.630166113376617,1.2700896520858374,5.71500015258789
1.18939554691315,0.638007462024689,1.290288494506396,5.62900018692017
1.35593807697296,0.84471470117569,1.3346679095069651,5.62099981307983
1.32087934017181,0.695168316364288,1.3217224414532618,5.61100006103516
1.15655755996704,0.637714266777039,1.2560710729810949,5.56899976730347
1.10180306434631,0.520169019699097,1.242267110983586,5.52500009536743
1.19827437400818,0.637605607509613,1.2549144765437794,5.5
0.932537317276001,0.579250693321228,1.216304115097796,5.49300003051758
1.55167484283447,0.943062424659729,1.3823103941125552,5.47200012207031
0.85769921541214,0.468009054660797,1.191146089629204,5.42999982833862
1.06931757926941,0.65078467130661,1.2089311083449623,5.39499998092651
0.991012394428253,0.604590058326721,1.2016774025609234,5.33599996566772
1.2860119342804,0.687763452529907,1.241353624586354,5.32399988174438
0.925579309463501,0.641022384166718,1.1991334778762146,5.31099987030029
1.22255623340607,0.701288521289825,1.237645802177793,5.29300022125244
0.951484382152557,0.541452050209045,1.1643804583797934,5.27899980545044
1.08116579055786,0.741415500640869,1.2400625759195312,5.27299976348877
0.72688353061676,0.402047783136368,1.1019630314863904,5.26900005340576
0.995538592338562,0.492345720529556,1.1887338568828578,5.26200008392334
1.12843120098114,0.617144227027893,1.197945065981724,5.25
1.12112903594971,0.667464673519135,1.2071497385116108,5.23699998855591
0.878114581108093,0.59771066904068,1.1767984459689762,5.2350001335144
1.15360176563263,0.540775775909424,1.2220665583100416,5.23400020599365
1.07937383651733,0.574873745441437,1.2307479161587982,5.23000001907349
1.28948748111725,0.810198903083801,1.2524785955722897,5.22700023651123
1.07498753070831,0.735081076622009,1.2245612605798712,5.22499990463257
1.3151752948761,0.795843541622162,1.2977516517132974,5.19500017166138
0.982409417629242,0.705186307430267,1.1889405186352535,5.18200016021729
0.730573117733002,0.582569479942322,1.14230441661987,5.18100023269653
1.06457793712616,0.644948184490204,1.2123161839491332,5.17500019073486
0.0226431842893362,0.113989137113094,0.9712680205066828,5.15100002288818
0.788547575473785,0.652168989181519,1.1722790952237865,5.07399988174438
0.783756256103516,0.0569157302379608,1.074053533486783,5.07399988174438
0.524713635444641,0.529235124588013,1.091887504251054,5.04099988937378
0.885416388511658,0.495879292488098,1.1553726848375383,5.01100015640259
0.596220076084137,0.553457796573639,1.1033595984818785,5.00400018692017
0.479820191860199,0.504130780696869,1.0667349324245892,4.96199989318848
1.02723586559296,0.557783484458923,1.17328689428816,4.95499992370605
1.05469870567322,0.187080070376396,1.1160159181853802,4.8289999961853
1.00726580619812,0.613212049007416,1.139997443354772,4.80499982833862
0.716249227523804,0.565666973590851,1.0704622624280078,4.77500009536743
0.989701807498932,0.520187258720398,1.1135296426272216,4.7350001335144
1.1614590883255,0.708217680454254,1.169856401339911,4.71400022506714
0.36842092871666,0.0055647538974881,0.9293680764363764,4.70900011062622
0.564305365085602,0.132892116904259,0.9951660806804196,4.69500017166138
1.15687310695648,0.639333188533783,1.1565302827902704,4.69199991226196
0.996192753314972,0.731159746646881,1.145537379838287,4.64400005340576
0.586682975292206,0.533241033554077,1.0469155382685582,4.60799980163574
0.964434325695038,0.33861181139946,1.0926627108255251,4.57399988174438
0.560479462146759,0.309988349676132,1.0022909909635425,4.55299997329712
0.234305649995804,0.106654435396194,0.9174769145258586,4.55000019073486
0.367110550403595,0.397522568702698,0.9861762466524076,4.54500007629395
0.479309022426605,0.409362852573395,0.9937615909654762,4.53499984741211
0.636406779289246,0.257835894823074,1.0104704777139,4.51399993896484
1.10271048545837,0.501180469989777,1.1108853841720243,4.49700021743774
1.1982102394104,0.356578588485718,1.108019719420118,4.46500015258789
0.339233845472336,0.353409707546234,0.9558983529459416,4.46000003814697
1.00985014438629,0.625130832195282,1.1346063425578583,4.44000005722046
0.900596737861633,0.637524425983429,1.0645634128013368,4.37599992752075
0.792221248149872,0.455427616834641,1.0399569729720666,4.31500005722046
0.648457288742065,0.285349279642105,0.9456511566719404,4.29199981689453
0.808964252471924,0.28995743393898,1.0161406374042503,4.29099988937378
0.950612664222717,0.649546980857849,1.0779584714379855,4.28599977493286
0.0921023488044739,0.191407024860382,0.8460316307686009,4.28000020980835
0.476180493831635,0.169365674257278,0.9084494742522784,4.19000005722046
0.603048920631409,0.0486421696841717,0.9320378931238684,4.17999982833862
0.601765096187592,0.429783403873444,1.0028813992631558,4.16800022125244
0.65951669216156,0.290920823812485,0.9226707576752092,4.13899993896484
0.667224824428558,0.295637726783752,0.9683571934921372,4.11999988555908
0.89465194940567,0.575903952121735,1.0128016204771362,4.09600019454956
0.381430715322495,0.217632606625557,0.9019617409627764,4.08099985122681
0.3502277135849,0.215844258666039,0.8749334385442846,4.03200006484985
0.161925330758095,0.26850500702858,0.851585729476682,4.02799987792969
0.233442038297653,0.315089583396912,0.8735444286320313,3.97000002861023
0.438012987375259,0.0411347150802612,0.8371835584682061,3.93600010871887
0.375846534967422,0.196763753890991,0.8556001271998728,3.875
0.521021246910095,0.0,0.851868094296782,3.80800008773804
0.858428180217743,0.0498686656355858,0.8784712137786754,3.79500007629395
0.401477217674255,0.180746778845787,0.8225277144262795,3.79399991035461
1.12209415435791,0.341755509376526,1.0218796139024948,3.76600003242493
0.431085407733917,0.209930211305618,0.8449066924166422,3.65700006484985
0.305808693170547,0.375223308801651,0.8161094834586786,3.64400005340576
0.368610262870789,0.277321130037308,0.7911977219842192,3.6029999256134
0.591683447360992,0.310080915689468,0.8622633457040332,3.59299993515015
0.39724862575531,0.163486003875732,0.7957394818196883,3.59100008010864
0.119041793048382,0.229918196797371,0.7630608961401675,3.53299999237061
0.244549930095673,0.194129139184952,0.7806917250893171,3.50699996948242
0.305444717407227,0.247105568647385,0.8023887047005862,3.49499988555908
0.368745893239975,0.326424807310104,0.8446365505293529,3.47099995613098
0.777153134346008,0.50053334236145,0.8898923530636247,3.46199989318848
0.511135876178741,0.364509284496307,0.8355574198078506,3.34899997711182
0.091622568666935,0.151610791683197,0.6069240234368717,2.90499997138977
0.0,0.0187726859003305,0.556243084205215,2.69300007820129
1.305,0.874,1.592,7.632
1.456,0.861,1.582,7.594
1.351,0.868,1.59,7.555
1.343,0.914,1.644,7.495
1.42,0.927,1.549,7.487
1.361,0.878,1.488,7.441
1.33,0.896,1.532,7.328
1.268,0.876,1.601,7.324
1.355,0.913,1.501,7.314
1.34,0.91,1.573,7.272
1.244,0.888,1.433,7.19
1.341,0.891,1.504,7.139
1.01,0.817,1.459,7.072
1.448,0.876,1.583,6.977
1.34,0.861,1.474,6.965
1.324,0.894,1.483,6.927
1.576,0.896,1.52,6.91
1.398,0.819,1.471,6.886
1.301,0.883,1.559,6.814
2.096,0.67,0.776,6.774
1.233,0.854,1.489,6.711
1.27,0.884,1.525,6.627
1.293,0.908,1.466,6.489
1.038,0.761,1.252,6.488
1.131,0.808,1.331,6.476
1.365,0.857,1.436,6.441
1.112,0.759,1.438,6.43
0.986,0.675,1.474,6.419
1.073,0.744,1.468,6.388
0.781,0.608,1.268,6.382
1.093,0.771,1.459,6.379
1.649,0.748,1.303,6.374
1.379,0.633,1.331,6.371
1.529,1.008,1.451,6.343
1.161,0.669,1.258,6.322
1.251,0.965,1.538,6.31
0.96,0.635,1.439,6.26
1.223,0.564,1.492,6.192
1.21,0.776,1.537,6.173
0.806,0.639,1.231,6.167
0.668,0.7,1.319,6.141
1.176,0.781,1.448,6.123
1.338,0.698,1.366,6.105
0.719,0.605,1.584,6.096
1.474,0.675,1.301,6.083
1.016,0.707,1.417,6.072
1.264,0.946,1.501,6.0
0.889,0.736,1.33,5.973
0.807,0.474,1.101,5.956
1.197,0.716,1.527,5.952
1.219,0.856,1.506,5.948
1.116,0.726,1.219,5.945
1.148,0.671,1.454,5.933
1.294,0.988,1.462,5.915
1.09,0.684,1.387,5.891
0.819,0.693,1.493,5.89
1.266,0.955,1.204,5.875
1.229,0.909,1.211,5.835
1.151,0.599,1.479,5.81
1.143,0.631,1.516,5.79
1.229,0.909,1.191,5.762
0.751,0.508,1.223,5.752
1.2,0.737,1.532,5.739
0.835,0.615,1.522,5.681
0.934,0.674,1.249,5.663
0.855,0.578,1.23,5.662
0.657,0.62,1.301,5.64
1.016,0.517,1.533,5.636
1.171,0.732,1.401,5.62
0.985,0.553,1.35,5.566
0.775,0.513,1.312,5.524
0.62,0.622,1.205,5.504
1.039,0.7,1.498,5.483
1.148,0.686,1.38,5.483
0.652,0.424,0.81,5.472
1.405,1.03,1.29,5.43
1.188,0.884,1.429,5.41
0.975,0.685,1.369,5.398
1.154,0.879,1.202,5.358
0.965,0.785,1.179,5.358
1.017,0.729,1.279,5.347
1.115,0.737,1.161,5.321
0.982,0.614,1.441,5.302
0.979,0.687,1.154,5.295
0.779,0.669,0.797,5.254
0.989,0.799,1.142,5.246
1.024,0.603,1.161,5.201
0.474,0.598,1.166,5.199
0.959,0.691,1.239,5.185
0.822,0.645,1.265,5.161
0.689,0.048,1.172,5.155
0.53,0.594,1.416,5.131
0.915,0.758,1.078,5.129
0.914,0.575,1.517,5.125
0.715,0.702,1.365,5.103
0.899,0.522,1.215,5.093
0.796,0.527,1.335,5.082
0.0,0.115,0.712,4.982
0.535,0.182,0.891,4.975
1.054,0.712,1.515,4.933
0.425,0.539,1.228,4.88
0.996,0.657,1.469,4.806
1.036,0.404,1.164,4.758
0.642,0.602,1.217,4.743
0.94,0.33,1.41,4.724
1.059,0.691,0.771,4.707
0.541,0.08,0.872,4.671
0.592,0.337,0.896,4.657
0.429,0.433,1.117,4.631
0.72,0.441,1.034,4.623
0.9,0.69,0.906,4.592
0.916,0.79,0.817,4.586
0.256,0.0,0.813,4.571
0.682,0.343,0.811,4.559
0.532,0.579,0.85,4.5
0.918,0.672,1.314,4.471
1.01,0.536,0.971,4.456
0.37,0.152,1.233,4.447
0.874,0.365,1.281,4.441
0.549,0.457,1.088,4.433
0.314,0.254,1.097,4.424
0.885,0.553,1.025,4.419
0.198,0.173,0.902,4.417
0.493,0.454,1.048,4.41
0.562,0.295,1.047,4.377
0.557,0.292,1.245,4.356
0.308,0.391,0.95,4.35
0.853,0.643,0.592,4.34
0.816,0.666,0.99,4.321
0.682,0.429,1.174,4.308
0.358,0.053,0.907,4.301
0.069,0.204,1.136,4.245
0.721,0.485,0.747,4.19
0.131,0.221,0.867,4.166
0.322,0.237,1.09,4.161
0.378,0.24,0.372,4.141
0.605,0.312,1.24,4.139
0.793,0.609,1.413,4.103
0.259,0.253,0.474,3.999
0.344,0.211,0.792,3.964
0.472,0.079,1.215,3.808
0.73,0.269,1.125,3.795
0.262,0.402,0.908,3.774
0.357,0.248,1.094,3.692
0.332,0.255,0.537,3.632
1.017,0.417,1.174,3.59
0.186,0.306,0.541,3.587
0.315,0.289,0.714,3.582
0.076,0.267,0.858,3.495
0.689,0.539,0.382,3.462
0.332,0.4,0.896,3.408
0.442,0.343,1.073,3.355
0.455,0.381,0.991,3.303
0.337,0.177,0.608,3.254
0.024,0.01,0.0,3.083
0.091,0.145,0.627,2.905
1.34,0.986,1.587,7.769
1.383,0.996,1.573,7.6
1.488,1.028,1.582,7.554
1.38,1.026,1.624,7.494
1.396,0.999,1.522,7.488
1.452,1.052,1.526,7.48
1.387,1.009,1.487,7.343
1.303,1.026,1.557,7.307
1.365,1.039,1.505,7.278
1.376,1.016,1.475,7.246
1.372,1.036,1.548,7.228
1.034,0.963,1.441,7.167
1.276,1.029,1.455,7.139
1.609,1.012,1.479,7.09
1.333,0.996,1.538,7.054
1.499,0.999,1.553,7.021
1.373,0.987,1.454,6.985
1.356,0.986,1.504,6.923
1.433,0.874,1.457,6.892
1.269,0.92,1.487,6.852
1.503,0.825,1.31,6.825
1.3,0.999,1.52,6.726
1.07,0.861,1.323,6.595
1.324,1.045,1.472,6.592
1.368,0.914,1.43,6.446
1.159,0.92,1.369,6.444
0.8,0.746,1.269,6.436
1.403,0.795,1.357,6.375
1.684,0.871,1.313,6.374
1.286,1.062,1.484,6.354
1.149,0.91,1.442,6.321
1.004,0.802,1.439,6.3
1.124,0.891,1.465,6.293
1.572,1.141,1.463,6.262
0.794,0.789,1.242,6.253
1.294,1.039,1.488,6.223
1.362,0.871,1.368,6.199
1.246,0.881,1.504,6.198
1.231,0.713,1.477,6.192
1.206,0.884,1.438,6.182
0.745,0.756,1.529,6.174
1.238,0.818,1.515,6.149
0.985,0.841,1.41,6.125
1.258,0.953,1.523,6.118
0.694,0.835,1.325,6.105
0.882,0.758,1.232,6.1
1.092,0.881,1.432,6.086
1.162,0.825,1.232,6.07
1.263,1.042,1.223,6.046
0.912,0.868,1.312,6.028
1.5,0.808,1.319,6.021
1.05,0.828,1.409,6.008
1.187,0.812,1.465,5.94
1.301,1.036,1.219,5.895
1.237,0.874,1.528,5.893
0.831,0.831,1.478,5.89
1.12,0.798,1.402,5.888
1.327,1.088,1.419,5.886
0.642,0.828,1.236,5.86
1.173,0.729,1.508,5.809
0.776,0.706,1.209,5.779
1.201,0.828,1.41,5.758
0.855,0.777,1.475,5.743
1.263,1.042,1.252,5.718
0.96,0.854,1.274,5.697
1.221,0.999,1.431,5.693
0.677,0.535,0.886,5.653
1.183,0.726,1.452,5.648
0.807,0.657,1.293,5.631
1.004,0.854,1.383,5.603
0.685,0.739,1.328,5.529
1.044,0.673,1.303,5.525
1.051,0.871,1.361,5.523
0.493,0.718,1.098,5.467
1.155,0.914,1.266,5.432
1.438,1.122,1.277,5.43
1.015,0.779,1.401,5.425
0.945,0.845,1.212,5.386
1.183,0.808,1.36,5.373
1.221,0.828,1.171,5.339
1.067,0.789,1.465,5.323
1.181,0.999,1.156,5.287
0.948,0.667,1.531,5.285
0.983,0.838,1.294,5.274
0.696,0.245,1.111,5.265
0.551,0.723,1.438,5.261
1.052,0.657,1.538,5.247
1.002,0.785,1.16,5.211
0.801,0.782,0.782,5.208
1.043,0.769,1.147,5.208
0.987,0.815,1.224,5.197
0.931,0.66,1.203,5.192
1.029,0.893,1.125,5.191
0.741,0.851,1.346,5.175
0.813,0.604,1.321,5.082
0.549,0.331,0.91,5.044
1.092,0.815,1.513,5.011
0.611,0.486,0.868,4.996
0.569,0.232,0.808,4.944
0.446,0.677,1.226,4.913
0.837,0.815,1.225,4.906
0.393,0.397,0.437,4.883
0.673,0.508,0.799,4.812
1.057,0.571,1.183,4.799
0.764,0.551,1.03,4.796
0.96,0.469,1.351,4.722
0.947,0.874,0.848,4.719
0.96,0.805,1.427,4.707
0.574,0.637,1.122,4.7
0.657,0.672,1.247,4.696
0.45,0.571,1.134,4.681
0.0,0.268,0.698,4.668
0.879,0.477,1.313,4.639
0.138,0.366,0.774,4.628
0.331,0.38,1.056,4.587
0.85,0.815,1.055,4.559
1.1,0.785,0.842,4.548
0.38,0.375,0.829,4.534
0.886,0.752,0.666,4.519
0.308,0.428,0.939,4.516
0.512,0.581,0.983,4.509
0.57,0.489,1.167,4.49
0.204,0.39,0.986,4.466
0.921,0.815,1.0,4.461
0.562,0.723,0.928,4.456
1.043,0.574,0.98,4.437
0.094,0.357,1.125,4.418
0.385,0.308,1.105,4.39
0.268,0.242,0.841,4.374
0.949,0.831,1.265,4.366
0.71,0.555,1.181,4.36
0.35,0.192,0.766,4.35
0.82,0.739,1.39,4.332
0.336,0.532,1.033,4.286
0.811,0.0,1.149,4.212
0.332,0.443,1.069,4.189
0.913,0.644,1.039,4.166
0.578,0.426,1.058,4.107
0.275,0.41,0.572,4.085
0.755,0.588,0.765,4.015
0.073,0.443,0.922,3.975
0.274,0.505,0.757,3.973
0.274,0.555,0.916,3.933
0.489,0.168,1.169,3.802
0.046,0.38,0.447,3.775
0.366,0.433,1.114,3.663
0.323,0.449,0.688,3.597
1.041,0.538,1.145,3.488
0.619,0.44,0.378,3.462
0.191,0.495,0.56,3.41
0.287,0.463,1.163,3.38
0.359,0.614,0.711,3.334
0.476,0.499,0.885,3.231
0.35,0.361,0.517,3.203
0.026,0.105,0.0,3.083
0.306,0.295,0.575,2.853
